k, m, min_node_size, validation_accuracy, runtime(secs)
5, 10, 20, 0.756825361011, 2222.94
10, 10, 20, 0.82005866426, 4559.53
20, 10, 20, 0.849334386282, 9863.49
30, 10, 20, Pending 

10, 20, 20, Pending 
10, 30, 20, 
10, 40, 20,

10, 10, 50, 0.809284747292, 3276.6716249 
20, 20, 50, 0.859826263538, 12578.610462 
20, 30, 50, Pending

30, 20, 50, Pending
40, 20, 20, Pending
