k, m, min_node_size, validation_accuracy, runtime(secs)
5, 10, 20, 0.756825361011, 2222.94
10, 10, 20, 0.82005866426, 4559.53
20, 10, 20, Pending
30, 10, 20, Pending

10, 20, 20, Pending
10, 30, 20, Pending
10, 40, 20, Pending

10, 10, 50, 